feature_0,feature_1,feature_2,feature_3,feature_4,feature_5,feature_6,feature_7
2.894781,3.9418004,0.0,0.0,0.0,2.5533283,0.0,0.0
33.631165,32.440712,0.0,0.0,0.0,28.937176,0.0,0.0
12.835199,12.611465,0.0,0.0,0.0,14.818483,0.0,0.0
