pca1,pca2,pca3,cluster
-10.464246,0.025621891,0.7001719,0
-1.0965576,2.0166957,-5.459574,0
9.046905,9.185088,-2.0974119,2
-8.774935,-0.10308315,2.6826437,0
-8.901269,-0.23531394,2.5296004,0
-8.534517,-0.07639186,2.996072,0
-0.47431755,2.4951982,-5.791212,0
-2.6474361,-6.881442,-0.06950182,0
-10.365895,-0.028854594,0.7554006,0
9.282571,10.107441,-1.6157085,2
